1,1.09338E+12
2,4.18415E+11
3,2.35E+11
4,1.96705E+11
5,1.37518E+11
6,1.16695E+11
7,1.07247E+11
8,89135687980
9,84969518517
10,82372719448
11,71558357860
12,67155919351
13,66969693488
14,81760711259
15,81551618315
16,81380275868
17,81267281594
18,81036947031
19,65778186842
20,80823986896
21,62912891444
22,65571296764
23,80731804667
24,65532157711
25,65494383864
26,62689992524
27,62675816544
28,62662186828
29,62673521979
30,62510933990
31,62480861270
32,62255653244
33,62133156398
34,62424953307
35,62023503769
36,62195782956
37,62125317362
38,62029256536
39,61881863782
40,62066006962
41,62092612220
42,61832882825
43,33620527580
44,61890710737
45,33343933353
46,33181662559
47,33279569268
48,33302402692
49,61814122457
50,61813762018
51,61792391761
52,61792285455
53,33346728675
54,33512921716
55,33510306208
56,43184077836
57,33392964689
58,43183196792
59,43187515533
60,61767400667
61,61777392921
62,61791195946
63,61765855108
64,61780025123
65,61779905227
66,61779564859
67,61761207078
68,61722042385
69,61761049700
70,33218558435
71,33218055934
72,33223462014
73,33223311218
74,33223284881
75,33029800897
76,33205763804
77,33217948921
78,33156176961
79,33156093109
80,33366097951
81,33366066453
82,33397444876
83,43153904921
84,43153892270
85,43108643792
86,43169105229
87,33346658395
88,33346675961
89,33346633980
90,33346632342
91,33142649002
92,33148291800
93,43117428880
94,43015808653
95,43015790991
96,33145664777
97,33146028496
98,33110257948
99,33110233137
100,33110204657
101,33110201145
102,33175312522
103,33175286913
104,33159921088
105,33061977576
106,33062118221
107,33061854685
108,33027535930
109,33027401755
110,33171989608
111,33157527939
112,33174624652
113,33174372852
114,33174322594
115,33174300945
116,33117510563
117,33117489641
118,33117486317
119,33117456269
120,33117446571
121,33117446094
122,33117442658
123,33117219579
124,33117218978
125,33136371329
126,33136365037
127,33136361268
128,33136215171
129,33136194976
130,32992055217
131,32989850546
132,32989842729
133,32989782149
134,32989748017
135,32989741452
136,32943994585
137,32943634908
138,32943608796
139,32946891222
140,32946883140
141,32946534097
142,32954129793
143,32954127640
144,32953940509
145,32953928192
146,32948251039
147,32948234346
148,32948231961
149,32948227631
150,32948195805
151,33106768415
152,32691792977
153,32954437935
154,33116947590
155,32960387956
156,32856110272
157,32968968303
158,33137417595
159,32955650030
160,32965781692
161,32950844655
162,32825377644
163,32926493100
164,32710548432
165,32688274382
166,32682732642
167,32959917870
168,32813210074
169,32769474985
170,32950941395
171,32908935449
172,32934351839
173,33039368804
174,32930707747
175,32932470040
176,33029060992
177,33031249734
178,33043992026
179,33043190293
180,33042075121
181,32731679700
182,32620329489
183,32866441539
184,32865611426
185,32865298192
186,32839652135
187,32835513578
188,32834519182
189,32740125708
190,32615171431
191,32553902226
192,32563471192
193,32559694383
194,32559692216
195,32594572240
196,32337244359
197,32592187416
198,32189131552
199,32460534159
200,32187781621
201,32186229452
202,32422989708
203,32422177483
204,32388586569
205,32387393138
206,32387278914
207,32387278801
208,32387105631
209,32386464553
210,32386407981
211,32386207381
212,32386433302
213,32377033738
214,32376753472
215,32377016327
216,32283570841
217,32283380993
218,32283287960
219,32282702892
220,32282097087
221,32281991323
222,32290797868
223,32289972394
224,32289972282
225,32289858312
226,32289656047
227,32289629533
228,32289383520
229,32289335757
230,32289185897
231,32289179494
232,32289125167
233,32289065762
234,32314692694
235,32314610278
236,32314557147
237,32314523054
238,32313028100
239,32313023363
240,32769246924
241,32769189651
242,32570126368
243,32570420924
244,32570359601
245,32596947570
246,32500893617
247,32310422978
248,32310401323
249,32310199758
250,32310139122
251,32310110806
252,32310034484
253,32502091690
254,32502034228
255,32501962190
256,32501945290
257,32501931369
258,32501929975
259,32501914062
260,32573143278
261,32571768907
262,32571747503
263,32571695023
264,32571055599
265,32571009515
266,32570987314
267,32335874063
268,32336985122
269,32338537283
270,32338529510
271,32336671903
272,32337592325
273,32337576507
274,32337461656
275,32337442376
276,32337439403
277,32337420457
278,32337414041
279,32337404645
280,32337404280
281,32337391336
282,32337302892
283,32337477271
284,32337417997
285,32337287849
286,32337285320
287,32337284118
288,32336689096
289,32195481631
290,32195479311
291,32195471686
292,32195454424
293,32195439671
294,32418881311
295,32418773393
296,32418773380
297,32417829656
298,32417797666
299,32417792373
300,32110463762
301,32104141210
302,32104113528
303,32188589627
304,32198913915
305,32196922975
306,32198416498
307,32184134842
308,32221943457
309,32168301836
310,32162596119
311,32046118128
312,32036412693
313,32022411833
314,32104935579
315,32142344444
316,32140743211
317,32130066529
318,32125023949
319,32136021353
320,32128029872
321,32128680327
322,32121956978
323,32117148781
324,32116245485
325,32115865036
326,32115266383
327,31972350749
328,31972057222
329,31968634158
330,31968942350
331,31972346677
332,31966807581
333,31950209319
334,31950232084
335,31965297798
336,31938176748
337,31937523496
338,31937262913
339,31935748633
340,31934462222
341,31946507224
342,31919624174
343,31918500083
344,31911364363
345,31914657184
346,31914574602
347,31914870793
348,31914738642
349,31906635146
350,31905885795
351,31904366132
352,31906178133
353,31905822387
354,31905561065
355,31905492986
356,31904865088
357,31904741432
358,31893194078
359,31890856944
360,31876950896
361,31876841611
362,31876716401
363,31876600653
364,31875100104
365,31874663941
366,31874599653
367,31879997375
368,31879829553
369,31879699792
370,31879594303
371,31879548690
372,31879390698
373,31879340615
374,31877888718
375,31877863596
376,31878001798
377,31877963647
378,31877504375
379,31876662695
380,31876490869
381,31876437726
382,31876429333
383,31876316981
384,31876175708
385,31876238257
386,31876174461
387,31876163692
388,31875406916
389,31875378831
390,31852110053
391,31852051451
392,31852049566
393,31850241475
394,31849833041
395,31844624365
396,31842593012
397,31842578786
398,31842326132
399,31842325227
400,31842303406
401,31842298696
402,31856580203
403,31856394987
404,31856393488
405,31856246359
406,31856246046
407,31856200093
408,31856185928
409,31855295633
410,31855277847
411,31855269962
412,31855268204
413,31855265298
414,31855238237
415,31854880155
416,31854750964
417,31854750241
418,31854728549
419,31854715139
420,31854633577
421,31854612354
422,31854609457
423,31854555867
424,31854515829
425,31854500666
426,31854463861
427,31854438461
428,31854384794
429,31854361422
430,31854334268
431,31854264724
432,31854226283
433,31854206358
434,31854071663
435,31854063239
436,31854030450
437,31853856101
438,31853842012
439,31853820700
440,31853769080
441,31842288609
442,31842326472
443,31842297163
444,31842293437
445,31842189395
446,31842178635
447,31842106540
448,31841850707
449,31841833901
450,31841815906
451,31788297884
452,31841241144
453,31873860545
454,31869890730
455,31865626066
456,31850208982
457,31853150912
458,31848522825
459,31756886063
460,31840489912
461,31774317966
462,31752831548
463,31742497339
464,31742297563
465,31736036374
466,31729021296
467,31719250324
468,31740809494
469,31759287184
470,31757493576
471,31750407636
472,31750317961
473,31706157421
474,31703952653
475,31701803721
476,31702004678
477,31697945886
478,31696492882
479,31694611723
480,31694139727
481,31693740537
482,31693694113
483,31692415523
484,31691838546
485,31689969508
486,31691895196
487,31685990453
488,31685963405
489,31685772491
490,31683494870
491,31683292996
492,31683113832
493,31683056821
494,31682206605
495,31681790544
496,31681786179
497,31682305471
498,31681012430
499,31680977376
500,31680770810
501,31679337376
502,31678964760
503,31678963650
504,31678537350
505,31678267518
506,31677743338
507,31677414977
508,31676965793
509,31676927090
510,31676826271
511,31676548832
512,31676483975
513,31676344650
514,31676298263
515,31676277738
516,31676191729
517,31675834609
518,31675669632
519,31675350800
520,31675321962
521,31674898274
522,31674825837
523,31674046293
524,31673563955
525,31673370722
526,31673399703
527,31673247063
528,31672893244
529,31672882844
530,31672834012
531,31672794577
532,31672793154
533,31672718151
534,31672665948
535,31672653880
536,31672414896
537,31672152101
538,31672079317
539,31671985939
540,31671904012
541,31671797979
542,31671718799
543,31671704518
544,31671652163
545,31671612058
546,31671600657
547,31671394965
548,31671351796
549,31671347436
550,31671094006
551,31671062515
552,31671045678
553,31671039494
554,31670998403
555,31670952454
556,31670928511
557,31670869927
558,31670795095
559,31670740361
560,31670711391
561,31670695485
562,31670692627
563,31670216622
564,31670213812
565,31670213408
566,31670197947
567,31670197105
568,31670117066
569,31670109954
570,31670055503
571,31670036331
572,31670014114
573,31669944882
574,31669917705
575,31669896097
576,31669748832
577,31669691725
578,31669681401
579,31669681020
580,31669679031
581,31669665715
582,31669660696
583,31669649595
584,31669619377
585,31669578602
586,31669571243
587,31669558263
588,31669549670
589,31669511724
590,31669500251
591,31669477089
592,31669464042
593,31669438712
594,31669435974
595,31669405211
596,31669402900
597,31648509336
598,31648499590
599,31648301047
600,31648271401
601,31731909939
602,31530243605
603,31729087706
604,31661667456
605,23906918156
606,31730363159
607,31661221845
608,31511378166
609,31324851319
610,31493156056
611,31536386147
612,23847154799
613,23612919206
614,31606088372
615,31610616427
616,31585958353
617,31589365732
618,23788615859
619,31395796411
620,23601740906
621,23584063012
622,23595081378
623,23565575562
624,23450127407
625,23578968025
626,23444552627
627,23469606650
628,23444998948
629,23443525008
630,23257148893
631,23430332842
632,23427026927
633,23383202602
634,23424921847
635,23438845591
636,23377375865
637,23430589623
638,23417213238
639,23370357590
640,23356536826
641,23436348450
642,23334945195
643,23364469482
644,23346684341
645,23135432467
646,23336738825
647,23316253189
648,23356558694
649,23166145243
650,23164712898
651,23324545385
652,23324472952
653,23324222117
654,23312728474
655,23158491289
656,23158426171
657,22853101279
658,23132317379
659,23132026229
660,23131814163
661,23192209208
662,23192137349
663,23192110075
664,23192085029
665,23191739248
666,23190252288
667,23190194676
668,23190069709
669,23189669375
670,23336351246
671,23336233556
672,22867259714
673,22866958598
674,22866834639
675,22866739621
676,22866596947
677,23283194285
678,23283134537
679,23283025710
680,23283147815
681,22997257052
682,23197333623
683,23197322466
684,23197296604
685,23197286607
686,23197187175
687,23197116765
688,23197108421
689,23197108960
690,22926890533
691,22926888253
692,22926783465
693,22972481715
694,22972439097
695,22972321044
696,22972287911
697,22787136756
698,22787117000
699,22787013671
700,22786969860
701,22786967338
702,22786938966
703,22786935523
704,22786767289
705,22786712100
706,22786679175
707,22855545092
708,22855537808
709,22855530635
710,22855260370
711,22855246528
712,22855232831
713,22855214381
714,22855190125
715,22855171063
716,22854797898
717,22854489661
718,22796967187
719,22796947027
720,22796907443
721,22842079208
722,22842074944
723,22790394388
724,22790379339
725,22790197668
726,22789784187
727,22789780619
728,22789739632
729,22789729265
730,22789728902
731,22789700580
732,22789699907
733,22789692159
734,22789642859
735,22789639946
736,22789638082
737,23025081902
738,17709673943
739,17709661328
740,17709731470
741,17709692073
742,17841422296
743,17710107964
744,17710068105
745,17710062224
746,17710056497
747,17840947445
748,17840613046
749,17840605166
750,17840348573
751,22706998308
752,22699426023
753,23020762116
754,23022299714
755,23013173682
756,22979643878
757,22767167037
758,23013085108
759,22785777465
760,22699141336
761,22759310338
762,22698576213
763,22676817348
764,22763226126
765,22758932680
766,22758798850
767,17451171417
768,17593982202
769,17600731516
770,17593313258
771,17588371165
772,17370581495
773,17281139222
774,17405468003
775,17274184339
776,17274080528
777,17272029602
778,17121818676
779,17154984997
780,17153764534
781,17147447913
782,17115738969
783,17253287522
784,17064353651
785,17108927496
786,306177137.7
787,306177137.7
788,306177137.7
789,306177137.7
790,306177137.7
791,306177137.7
792,306177137.7
793,306177137.7
794,306177137.7
795,306177137.7
796,306177137.7
797,306177137.7
798,306177137.7
799,306177137.7
800,306177137.7
801,306177137.7
802,306177137.7
803,306177137.7
804,306177137.7
805,306177137.7
806,306177137.7
807,306177137.7
808,306177137.7
809,306177137.7
810,306177137.7
811,306177137.7
812,306177137.7
813,306177137.7
814,306177137.7
815,306177137.7
816,306177137.7
817,306177137.7
818,306177137.7
819,306177137.7
820,306177137.7
821,306177137.7
822,306177137.7
823,306177137.7
824,306177137.7
825,306177137.7
826,306177137.7
827,306177137.7
828,306177137.7
829,306177137.7
830,306177137.7
831,306177137.7
832,306177137.7
833,306177137.7
834,306177137.7
835,306177137.7
836,306177137.7
837,306177137.7
838,22215671700
839,22215785216
840,22205176800
841,22205124149
842,22205048735
843,22210132906
844,22205138087
845,22182593704
846,22187927015
847,22187868748
848,22187841101
849,22188328087
850,22183555984
851,22183442083
852,22182973672
853,21955405272
854,21984138387
855,21983813338
856,21983790848
857,21983777508
858,21983591087
859,15444146527
860,15444121497
861,15444474935
862,15440809519
863,15440785159
864,15440623638
865,15440536056
866,15440483413
867,15440482019
868,15440316318
869,15440315919
870,15440245935
871,15440228150
872,15440099838
873,15440080750
874,15440059126
875,15440036143
876,15440016984
877,15440010826
878,15439934353
879,15439829967
880,15439803852
881,15439777318
882,15442955207
883,15442929877
884,15442911409
885,15442889496
886,15431462480
887,15431454398
888,15431407140
889,15431396338
890,17867423943
891,17867274572
892,17867259702
893,17867251813
894,17867249876
895,17867026304
896,17866970817
897,17866939097
898,17866912863
899,17866893594
900,17866891714
901,14438962697
902,16675156657
903,14483277334
904,19978804950
905,324931083.1
906,22167768159
907,19992318577
908,19974648355
909,19742271915
910,19721706623
911,19712811701
912,19460904287
913,19452028506
914,19462578900
915,19446408277
916,19324541950
917,19439907765
918,19440272550
919,19436445857
920,19429401607
921,19429443008
922,19424247243
923,19422259356
924,19418788580
925,19408534495
926,19408600254
927,19406604706
928,19406281623
929,19404808107
930,19404207184
931,19402582516
932,19651174178
933,19650601383
934,19400813855
935,19399435618
936,19399009534
937,19397480297
938,19397180239
939,19396601281
940,19395639638
941,19600719447
942,19600482626
943,19599735748
944,19599632509
945,19598240462
946,19566400697
947,19443317063
948,19443182569
949,19443082902
950,19442902640
951,19442614094
952,19442480018
953,19441433767
954,19441184279
955,19441116109
956,19440998326
957,19440647576
958,19440595246
959,19440461351
960,19440000393
961,19450767389
962,19450737261
963,19450677013
964,19439608857
965,19439467514
966,19258651474
967,19258639117
968,19256142349
969,19256101789
970,19255910541
971,19255845856
972,19255557846
973,19255519996
974,19255453379
975,19255412775
976,19229359779
977,19229329710
978,19229251479
979,19229215502
980,19228280552
981,19228091282
982,19228110806
983,19227643199
984,19227620765
985,19227583811
986,19227571140
987,19227565551
988,19227562216
989,19227525448
990,18898119107
991,18898083774
992,18898029051
993,19133366367
994,19133338139
995,19132951052
996,19132942159
997,19128677983
998,19128664469
999,19127623606
1000,19127609332
1001,19252272326
1002,19252270659
1003,19249439843
1004,19251552809
1005,19251178452
1006,19251067740
1007,19127376804
1008,19127214869
1009,19127115881
1010,19127058131
1011,19127026007
1012,19126988463
1013,19126893800
1014,19126843017
1015,19126745106
1016,19126736464
1017,19126726300
1018,19126641215
1019,19130299127
1020,19130198185
1021,19130045941
1022,18907978949
1023,18907961106
1024,18907885444
1025,13629672587
1026,13629671890
1027,13629583899
1028,13629584959
1029,13629577398
1030,13629570987
1031,13629521955
1032,13629440346
1033,13629426663
1034,13629424501
1035,13856407448
1036,13856400037
1037,13856395349
1038,13855448800
1039,13855429068
1040,13855393085
1041,13855390125
1042,13855117771
1043,13855092426
1044,13855087780
1045,13855061333
1046,13946529438
1047,13946522588
1048,13834810593
1049,13834783449
1050,13834771241
1051,13945236651
1052,8639091670
1053,12337845548
1054,8430103375
1055,8412608458
1056,8440124752
1057,8308413223
1058,8427770246
1059,8314146495
1060,8269583516
1061,8262266712
1062,18721838028
1063,8584736279
1064,8567465877
1065,18702471612
1066,18697443984
1067,18509354955
1068,18506090580
1069,8546902196
1070,8539229718
1071,8542115489
1072,8148454539
1073,8149324444
1074,8153932769
1075,8151699469
1076,8150396374
1077,8149423442
1078,8148868540
1079,8147834666
1080,8147821141
1081,8143600083
1082,8142651809
1083,8142649618
1084,8141748388
1085,8140487568
1086,8140450802
1087,8139858948
1088,8112232775
1089,8110908444
1090,8110804564
1091,8110343929
1092,8109865752
1093,8135912466
1094,8135711201
1095,8136007418
1096,8135988407
1097,8134759641
1098,8134319160
1099,8134119089
1100,8133274780
1101,8132153908
1102,8131647286
1103,8131554772
1104,8131441439
1105,8131413336
1106,8130974308
1107,8129934802
1108,8112308897
1109,14687428158
1110,14687417004
1111,14686979991
1112,9970604820
1113,9970545232
1114,9970418105
1115,9970171133
1116,9970164022
1117,9970131192
1118,9970130022
1119,8059259153
1120,8059167647
1121,8059145869
1122,8058981074
1123,8058807732
1124,8058482752
1125,8058460096
1126,8058428661
1127,8058368738
1128,8093419332
1129,8084944063
1130,8084940207
1131,8084952958
1132,8084750343
1133,8084663546
1134,8056093171
1135,8056090989
1136,8054983406
1137,8054868663
1138,8054866771
1139,8054842066
1140,8053198930
1141,8054416977
1142,8054332240
1143,8054062955
1144,8054047876
1145,8040229331
1146,8040001069
1147,8039917040
1148,8039872461
1149,8039871811
1150,8039760672
1151,8039752857
1152,8039752857
1153,8039495542
1154,8039217602
1155,8039217602
1156,8039210820
1157,8039208848
1158,8039191311
1159,8039191311
1160,8039191311
1161,8039432745
1162,8039432745
1163,8039427463
1164,8039398770
1165,8039397529
1166,8039225003
1167,8039224880
1168,8050933674
1169,8050906516
1170,8050899056
1171,8050815886
1172,8051075902
1173,8054391426
1174,8054391426
1175,8054391426
1176,8054270664
1177,8054183186
1178,8054183186
1179,8054183186
1180,8054183186
1181,8054168814
1182,8054168814
1183,8054156446
1184,8054156446
1185,8054132813
1186,8054132813
1187,8054122452
1188,8054083527
1189,8054062806
1190,8054062806
1191,8054057286
1192,8052416099
1193,8052387058
1194,8052387058
1195,8052387058
1196,8052067174
1197,8052067174
1198,8052052749
1199,8052052749
1200,8052052749
1201,8067014320
1202,8050937421
1203,9915591334
1204,9912035124
1205,9944628603
1206,9913994564
1207,9901845300
1208,9899974555
1209,9889721747
1210,9889042291
1211,9886406176
1212,9870518103
1213,8303560428
1214,8310159640
1215,8305327479
1216,8291501514
1217,8281912434
1218,8280016786
1219,8280068404
1220,8275205715
1221,8275517372
1222,8273697068
1223,8271355943
1224,8270747560
1225,8269932996
1226,8269084240
1227,4930866192
1228,4926676634
1229,4926325678
1230,4923628013
1231,4922933425
1232,4922442408
1233,4926920473
1234,4924761301
1235,4924693655
1236,4924587699
1237,4922138959
1238,4921588092
1239,4921522211
1240,4919718513
1241,4919469792
1242,4918804930
1243,4917276111
1244,4917012446
1245,7474861798
1246,4916325453
1247,4916312784
1248,4915764551
1249,4915436321
1250,4915656317
1251,4915488050
1252,4915390922
1253,4915218785
1254,4915167820
1255,4915056796
1256,4915055023
1257,4914993393
1258,4914956950
1259,4914505685
1260,4914315178
1261,4914129277
1262,4913269613
1263,4911381191
1264,4911348293
1265,4910670020
1266,4910557380
1267,4910556896
1268,4910554669
1269,4910553503
1270,4910320425
1271,4910284629
1272,4910595094
1273,4575091887
1274,4573594976
1275,4573407806
1276,4573397976
1277,4573296919
1278,4573086294
1279,4573037980
1280,4570679764
1281,4570532123
1282,4570450410
1283,4570449299
1284,4570453901
1285,4570274319
1286,4567538571
1287,4567408177
1288,4567370807
1289,4567304472
1290,4567217824
1291,4567178451
1292,4567172601
1293,4567150019
1294,4567116070
1295,4566924800
1296,4566923767
1297,4566826900
1298,4862107861
1299,4862103276
1300,4862080042
1301,4861611863
1302,4861589108
1303,4861257289
1304,4861200265
1305,4861185813
1306,4861151728
1307,4861146727
1308,4861125982
1309,4861050523
1310,4861044743
1311,4861039058
1312,4902880755
1313,4902880009
1314,4902475832
1315,4902472835
1316,4902333266
1317,4901701313
1318,4901588213
1319,4901575601
1320,4901559192
1321,4901558935
1322,4901521422
1323,4901449099
1324,4901429739
1325,4901191304
1326,4900357299
1327,4900312772
1328,4900308252
1329,4900303140
1330,3002671306
1331,3002671306
1332,3002525344
1333,3002525344
1334,3002456499
1335,3002456499
1336,3002456499
1337,3002422434
1338,3002422434
1339,3002416330
1340,2954369871
1341,2954367782
1342,2954367782
1343,4417749151
1344,4417743158
1345,4417739946
1346,4417726582
1347,4417705953
1348,4417647353
1349,4291239517
1350,4291232736
1351,4267710229
1352,4276158070
1353,4289836113
1354,4291661643
1355,4289926198
1356,4271065239
1357,4271433784
1358,4243506143
1359,4228808261
1360,4220226579
1361,4213925448
1362,4213733831
1363,4203478384
1364,4204058033
1365,4192771886
1366,4187568917
1367,4181311693
1368,4176398457
1369,4178841010
1370,4174734798
1371,4172128578
1372,4171421866
1373,4170855417
1374,4168073045
1375,4166972741
1376,4165944153
1377,4163882624
1378,4162843400
1379,4161806824
1380,4160516697
1381,4159557538
1382,4159944856
1383,4159012538
1384,4157930108
1385,4157586137
1386,4155110782
1387,4154874130
1388,4154939688
1389,4154693567
1390,4154787034
1391,4154984193
1392,4154681964
1393,4154398378
1394,4155233349
1395,4154968961
1396,4153707027
1397,4153090098
1398,4152961646
1399,4151657431
1400,4151565810
1401,4151386645
1402,4150727411
1403,4148447826
1404,4149345814
1405,4149282914
1406,4149169982
1407,4148147115
1408,4148085031
1409,4147760106
1410,4147437032
1411,4147028936
1412,4146899065
1413,4144769904
1414,4144766023
1415,4144748702
1416,4144743433
1417,4144707881
1418,4144688145
1419,4144406992
1420,4144201615
1421,4143859217
1422,4142385348
1423,4142260187
1424,4142257777
1425,4142149861
1426,4142120344
1427,4142052711
1428,4141916749
1429,4140841551
1430,4140236173
1431,4140290468
1432,4139310347
1433,4139291930
1434,4139115135
1435,4139038082
1436,4139010518
1437,4138876089
1438,4138865987
1439,4138852634
1440,4138368766
1441,4138334979
1442,4138181894
1443,4138179684
1444,4137974073
1445,4137070155
1446,4137045592
1447,4136987372
1448,4137241159
1449,4137241133
1450,4137231625
1451,4136843159
1452,4136791425
1453,4136758241
1454,4136668088
1455,4136642520
1456,4136566996
1457,4136471401
1458,4136444916
1459,4136291331
1460,4136275558
1461,4136248271
1462,4136219580
1463,4136215183
1464,4135902860
1465,4135890508
1466,4135870888
1467,4135803639
1468,4135765082
1469,4135753936
1470,4135449686
1471,4135375401
1472,4135373020
1473,4135250428
1474,4135217051
1475,4135189901
1476,4135185091
1477,4134659717
1478,4134652802
1479,4134634561
1480,4134622999
1481,4134503301
1482,4134437524
1483,4134433824
1484,4134327286
1485,4134327273
1486,4134290812
1487,4134230200
1488,4134022813
1489,4134003731
1490,4133874044
1491,4133824564
1492,4133819848
1493,4133779550
1494,4133769564
1495,4133765226
1496,4133744481
1497,4133697558
1498,4133693666
1499,4133660949
1500,4133646945
1501,4140314860
1502,4141161910
1503,4115831827
1504,4117764831
1505,4106992444
1506,4124188039
1507,4092346946
1508,4085426960
1509,4085393223
1510,4076463976
1511,4056954274
1512,4052022757
1513,4044951258
1514,4037420640
1515,4034444380
1516,4033854346
1517,4031291393
1518,4030007919
1519,4026511671
1520,4027185994
1521,4026603722
1522,4025534678
1523,4019371206
1524,4018676128
1525,4020125153
1526,4018413284
1527,4017784449
1528,4013637534
1529,4012078237
1530,4008930882
1531,4008073484
1532,4007753351
1533,4007059667
1534,4006940970
1535,4004648226
1536,4004354510
1537,4003756784
1538,4003844284
1539,4002823688
1540,4002573109
1541,4002088053
1542,4002422742
1543,4002173164
1544,4000414004
1545,4000144096
1546,3999710168
1547,3998915543
1548,3998595980
1549,3998546087
1550,3997081052
1551,3996447001
1552,3996348875
1553,3996146251
1554,3996138455
1555,3996040333
1556,3995807139
1557,3995066507
1558,3994448226
1559,3994274748
1560,3993899162
1561,3993790647
1562,3993484356
1563,3992558854
1564,3992524196
1565,3992492868
1566,3992416218
1567,3992230621
1568,3991973876
1569,3992034472
1570,3991959256
1571,3991947238
1572,3991400464
1573,3991373090
1574,3991347175
1575,3991329669
1576,3991208192
1577,3991174947
1578,3990528764
1579,3990160972
1580,3990564036
1581,3990563877
1582,3990531347
1583,3990500155
1584,3990365947
1585,3990385133
1586,3990337963
1587,3990306252
1588,3990298284
1589,3990232355
1590,3989311639
1591,3988749885
1592,3988747075
1593,3988521612
1594,3988437577
1595,3988429241
1596,3989189404
1597,3989091823
1598,3989088573
1599,3989011093
1600,3988928624
1601,3988864135
1602,3988713514
1603,3988707994
1604,3988563284
1605,3988532800
1606,3988176542
1607,3988140100
1608,3988084317
1609,3988076208
1610,3987906943
1611,3987887489
1612,3987871684
1613,3987858351
1614,3987693482
1615,3987504420
1616,3987504039
1617,3987453234
1618,3987420674
1619,3987407193
1620,3987348888
1621,3987214800
1622,3987202363
1623,3987188922
1624,3987180531
1625,3987127065
1626,3987115502
1627,3987015922
1628,3987010898
1629,3986979511
1630,3986116186
1631,3986068843
1632,3986054678
1633,3986039493
1634,3986025212
1635,3986020701
1636,3986013497
1637,3985992880
1638,3985923975
1639,3985918469
1640,3985841325
1641,3985818740
1642,3985797723
1643,3985718993
1644,3985633356
1645,3985621957
1646,3985620149
1647,3985468459
1648,3985464028
1649,3985455574
1650,3985434951
1651,4075279917
1652,3985537304
1653,4010073398
1654,3987137972
1655,3989780089
1656,3955721069
1657,3938599146
1658,3939156137
1659,3920264801
1660,3915111750
1661,3905273790
1662,3903487467
1663,3901169235
1664,3898316331
1665,3897264147
1666,3895600470
1667,3892814233
1668,3889700883
1669,3885657521
1670,3883528345
1671,3881830739
1672,3881088321
1673,3880661464
1674,3879603448
1675,3877991293
1676,3875710062
1677,3873952093
1678,3871664773
1679,3870461073
1680,3869119069
1681,3868793963
1682,3867972526
1683,3867800499
1684,3866553466
1685,3866318326
1686,3866154978
1687,3865690825
1688,3865840279
1689,3865605545
1690,3865116636
1691,3864643067
1692,3864247147
1693,3864124075
1694,3863801546
1695,3863710866
1696,3863053679
1697,3862984007
1698,3862978475
1699,3862590068
1700,3859718337
1701,3859656569
1702,3859568115
1703,3858858250
1704,3858391925
1705,3858468914
1706,3858224026
1707,3857967408
1708,3857536808
1709,3856551891
1710,3856006116
1711,3855433493
1712,3856470510
1713,3856420591
1714,3856390414
1715,3856011993
1716,3855901607
1717,3855016558
1718,3854929434
1719,3854915919
1720,3854520339
1721,3854524093
1722,3854505554
1723,3854341849
1724,3854308618
1725,3854268134
1726,3854090799
1727,3854078871
1728,3854020872
1729,3853708092
1730,3853655967
1731,3853507022
1732,3853076361
1733,3853025740
1734,3852798632
1735,3852774247
1736,3852572450
1737,3852462985
1738,3852637489
1739,3852615879
1740,3851714038
1741,3851691074
1742,3851556714
1743,3851544742
1744,3851493105
1745,3851473552
1746,3851327642
1747,3851302417
1748,3851290632
1749,3851244629
1750,3851207882
1751,3851101388
1752,3851073822
1753,3851054076
1754,3851011077
1755,3850989666
1756,3850969595
1757,3850164955
1758,3849122889
1759,3849113269
1760,3848942657
1761,3848929960
1762,3848874788
1763,3848841559
1764,3848775590
1765,3848773398
1766,3848698997
1767,3848520659
1768,3848506070
1769,3848326987
1770,3848306222
1771,3848241886
1772,3848192042
1773,3848189755
1774,3848155003
1775,3848000433
1776,3847993172
1777,3847492502
1778,3847318844
1779,3847317917
1780,3847285460
1781,3847238418
1782,3847226905
1783,3847215679
1784,3847207626
1785,3847198545
1786,3847144353
1787,3847092246
1788,3847071157
1789,3847043037
1790,3847010628
1791,3846989939
1792,3846841484
1793,3846839940
1794,3846293280
1795,3846275222
1796,3846264814
1797,3846208721
1798,3846156161
1799,3846122619
1800,3846077417
1801,3708482206
1802,3677573312
1803,3684728926
1804,7216222804
1805,14410208.61
1806,7216747099
1807,7177767576
1808,7114984763
1809,7098094935
1810,7071091018
1811,7055177375
1812,6909446134
1813,6837235869
1814,6862711820
1815,6795664555
1816,6790219490
1817,6787620919
1818,6850166280
1819,6751215329
1820,6747636585
1821,6742405201
1822,6741166463
1823,6735496620
1824,6734435740
1825,6734582226
1826,6733725173
1827,6721804260
1828,6723113437
1829,6718885838
1830,6665324139
1831,6664589058
1832,6663052506
1833,6660480908
1834,6661270995
1835,6660600961
1836,2239014455
1837,2239014455
1838,2239014455
1839,2239014455
1840,2239014455
1841,2239014455
1842,2239014455
1843,2239014455
1844,2239014455
1845,2239014455
1846,6695846756
1847,6695397471
1848,6695117861
1849,6694162460
1850,6693485132
1851,6692811294
1852,6693039073
1853,6692747354
1854,6692555982
1855,6670503804
1856,6664857221
1857,6670237977
1858,6669941365
1859,6670002552
1860,6670065087
1861,6669734285
1862,6668661154
1863,2262303801
1864,2262303801
1865,2258870792
1866,2258870792
1867,2204772649
1868,2204772649
1869,2204772649
1870,2193382402
1871,2193382402
1872,2193382402
1873,2193382402
1874,2193382402
1875,2193382402
1876,2193382402
1877,2193382402
1878,2193382402
1879,2193382402
1880,2193382402
1881,2193382402
1882,2193382402
1883,2193382402
1884,2193382402
1885,2193382402
1886,2193382402
1887,2193382402
1888,2193382402
1889,2193382402
1890,2193382402
1891,2193382402
1892,2193382402
1893,2193382402
1894,2193382402
1895,2193382402
1896,2193382402
1897,2193382402
1898,2193382402
1899,2193382402
1900,2193382402
1901,2193382402
1902,2193382402
1903,2193382402
1904,2193382402
1905,2193382402
1906,2193382402
1907,2193382402
1908,2186307369
1909,2186307369
1910,2186307369
1911,2186307369
1912,2186307369
1913,2186307369
1914,2186307369
1915,2186307369
1916,2186307369
1917,2186307369
1918,2186307369
1919,2186307369
1920,2186307369
1921,2186307369
1922,2188497963
1923,2188497963
1924,2188497963
1925,2188497963
1926,2188497963
1927,2188497963
1928,2188497963
1929,2188497963
1930,2188497963
1931,2188497963
1932,2188497963
1933,2188497963
1934,2188497963
1935,2188497963
1936,2188497963
1937,2188497963
1938,2188497963
1939,2188497963
1940,2188497963
1941,2188497963
1942,2188497963
1943,2188497963
1944,2188497963
1945,2188497963
1946,2188497963
1947,2188497963
1948,2188497963
1949,2188497963
1950,2188497963
1951,2937796898
1952,0
1953,0
1954,0
1955,0
1956,0
1957,0
1958,0
1959,0
1960,1619199155
1961,1619199155
1962,1619199155
1963,1619199155
1964,1619199155
1965,1569225458
1966,1569225458
1967,1569225458
1968,1569225458
1969,1569225458
1970,1569225458
1971,1569225458
1972,1569225458
1973,1569225458
1974,1584144862
1975,1584144862
1976,1569113175
1977,1569113175
1978,1569113175
1979,1582922448
1980,1582922448
1981,1582922448
1982,1582922448
1983,1582922448
1984,1582922448
1985,1582922448
1986,1582922448
1987,1582922448
1988,1582922448
1989,1582922448
1990,1582922448
1991,1582922448
1992,1582922448
1993,1566150357
1994,1566150357
1995,1566150357
1996,1569113175
1997,1569113175
1998,1569113175
1999,1569113175
2000,1569113175
2001,1569113175
2002,1569113175
2003,1569113175
2004,1569113175
2005,1569113175
2006,1569113175
2007,1569113175
2008,1569113175
2009,1569113175
2010,1569113175
2011,1569113175
2012,1569113175
2013,1569113175
2014,1569113175
2015,1569113175
2016,1569113175
2017,1569113175
2018,1569113175
2019,1569113175
2020,1569113175
2021,1569113175
2022,1569113175
2023,1569113175
2024,1569113175
2025,1035706010
2026,1035706010
2027,1035706010
2028,1035706010
2029,1035706010
2030,1035706010
2031,1035706010
2032,1035706010
2033,1035706010
2034,1035706010
2035,1035706010
2036,1035706010
2037,1035706010
2038,1035706010
2039,1035706010
2040,1035706010
2041,2620673146
2042,2620412564
2043,2620275747
2044,2779965146
2045,2779957574
2046,2779951775
2047,2779908909
2048,2779636602
2049,2779607135
2050,2779359879
2051,2779062400
2052,2779034253
2053,2779030243
2054,2778801776
2055,2778626205
2056,2609118254
2057,2609042310
2058,2609006475
2059,2608885318
2060,2771736611
2061,2771660685
2062,2771589398
2063,2771526162
2064,2771524766
2065,2771520119
2066,2771478530
2067,2604591433
2068,2604553608
2069,2604514870
2070,2604501897
2071,2603557791
2072,2603524375
2073,2603483598
2074,2603456026
2075,2603384035
2076,2603371794
2077,2593655237
2078,2593630764
2079,2593601474
2080,2593587038
2081,2593580716
2082,2590954223
2083,2590475739
2084,2590416793
2085,2590402308
2086,2590363411
2087,2590264611
2088,2590246118
2089,2590245841
2090,2583406815
2091,2591699844
2092,2591688232
2093,2591640302
2094,2591608932
2095,2591553562
2096,2591112372
2097,2591097546
2098,2591084243
2099,2591078901
2100,2591073278
2101,2583499720
2102,6120882451
2103,2780908252
2104,2792888658
2105,2661059082
2106,2490780089
2107,4919115952
2108,4919115952
2109,1487857563
2110,1484326092
2111,1484326092
2112,1484213081
2113,1480395358
2114,1479371539
2115,1448391293
2116,1274080556
2117,1274140307
2118,1274140307
2119,1274140307
2120,1273935825
2121,1273935825
2122,1273935825
2123,1273859332
2124,1273745571
2125,1273745571
2126,1273745571
2127,1273127549
2128,1273127549
2129,1273127549
2130,4899041418
2131,4899041418
2132,4899041418
2133,4899041418
2134,4899041418
2135,4899041418
2136,4899041418
2137,4899041418
2138,4899031857
2139,4899031857
2140,4899031857
2141,4899031857
2142,4899031857
2143,4899031857
2144,4899031857
2145,4898832042
2146,4898832042
2147,4898832042
2148,4898492273
2149,4898492273
2150,4898492273
2151,4898492273
2152,4898492273
2153,4898492273
2154,4898492273
2155,4898492273
2156,4898492273
2157,4898492273
2158,4898492273
2159,4898492273
2160,4898492273
2161,4898492273
2162,4898492273
2163,4898492273
2164,4898492273
2165,4898492273
2166,4898492273
2167,4898492273
2168,4898492273
2169,4898492273
2170,4898492273
2171,4898492273
2172,4898492273
2173,4898492273
2174,4898457754
2175,4898457754
2176,4898457754
2177,4898339850
2178,4898339850
2179,4898275600
2180,4898275600
2181,4898275600
2182,4898275600
2183,2398542879
2184,2398542879
2185,2398542879
2186,2398542879
2187,2398542879
2188,2398542879
2189,2398542879
2190,2398542879
2191,2398542879
2192,2398542879
2193,2398542879
2194,2398542879
2195,2398542879
2196,2398542879
2197,2022161918
2198,2022161918
2199,1958498969
2200,1958498969
2201,1958484159
2202,1958484159
2203,1958484159
2204,1958484159
2205,1958484159
2206,1958484159
2207,1958484159
2208,1958484159
2209,1958484159
2210,1958484159
2211,1958484159
2212,1958484159
2213,1958484159
2214,1958484159
2215,1958484159
2216,1958484159
2217,1958484159
2218,1958484159
2219,1958484159
2220,1958484159
2221,1958484159
2222,1958484159
2223,1958484159
2224,1958484159
2225,1958484159
2226,1958484159
2227,1958484159
2228,1958484159
2229,1958484159
2230,1958484159
2231,1958484159
2232,1958484159
2233,1958484159
2234,1958484159
2235,1958484159
2236,1958484159
2237,1958484159
2238,1958484159
2239,1958484159
2240,1958484159
2241,1958484159
2242,1958484159
2243,1958484159
2244,1958484159
2245,1958484159
2246,1958484159
2247,1958484159
2248,1958484159
2249,1958484159
2250,1958484159
2251,2264282889
2252,2021005328
2253,2239571568
2254,2299623686
2255,2182821419
2256,2192774528
2257,2147284533
2258,2122562069
2259,2115668950
2260,2093907470
2261,2081605426
2262,2103348305
2263,2094930068
2264,2084380935
2265,2072426416
2266,2074231175
2267,2065185234
2268,2063828860
2269,2058478444
2270,1817811650
2271,1759548940
2272,1757024062
2273,1753145288
2274,1751130857
2275,1748273061
2276,1707117789
2277,1706329465
2278,1725680020
2279,1693335543
2280,1692580106
2281,1692293949
2282,1690089150
2283,1475343522
2284,1474445926
2285,1671790186
2286,1727201891
2287,1726515930
2288,1464063865
2289,1463914653
2290,1453195152
2291,1452667770
2292,1321392100
2293,1542667829
2294,1542873387
2295,1542667800
2296,1506977036
2297,1505193736
2298,1505057730
2299,1500545547
2300,1500185846
2301,1499929748
2302,1480582681
2303,1479850872
2304,1479725307
2305,1479533998
2306,1479222435
2307,1498459439
2308,1498316390
2309,1496491507
2310,1496442110
2311,1223209734
2312,1223100065
2313,1222969997
2314,1223114748
2315,1204592635
2316,1204488087
2317,1204424997
2318,1399982139
2319,378925454.3
2320,378925454.3
2321,378925454.3
2322,378925454.3
2323,378925454.3
2324,378925454.3
2325,378925454.3
2326,378925454.3
2327,378925454.3
2328,378925454.3
2329,378925454.3
2330,378925454.3
2331,378925454.3
2332,378925454.3
2333,378925454.3
2334,378925454.3
2335,408877618.4
2336,408877618.4
2337,408877618.4
2338,408877618.4
2339,408877618.4
2340,408877618.4
2341,408877618.4
2342,408877618.4
2343,408877618.4
2344,408877618.4
2345,408877618.4
2346,612794245.4
2347,612794245.4
2348,612794245.4
2349,612794245.4
2350,612794245.4
2351,612794245.4
2352,612794245.4
2353,612794245.4
2354,612794245.4
2355,612794245.4
2356,612794245.4
2357,612794245.4
2358,612794245.4
2359,612794245.4
2360,612794245.4
2361,612794245.4
2362,612794245.4
2363,612794245.4
2364,612794245.4
2365,612794245.4
2366,612794245.4
2367,612794245.4
2368,612794245.4
2369,612794245.4
2370,612794245.4
2371,612794245.4
2372,612794245.4
2373,612794245.4
2374,612794245.4
2375,612794245.4
2376,612794245.4
2377,612794245.4
2378,612557089.3
2379,612557089.3
2380,349650440.1
2381,349650440.1
2382,349650440.1
2383,349650440.1
2384,349650440.1
2385,349650440.1
2386,349650440.1
2387,349650440.1
2388,349650440.1
2389,349650440.1
2390,349650440.1
2391,349650440.1
2392,349650440.1
2393,349650440.1
2394,349650440.1
2395,349650440.1
2396,349650440.1
2397,349650440.1
2398,349650440.1
2399,349650440.1
2400,349650440.1
2401,1244757700
2402,1484415923
2403,1767350.609
2404,933239.6729
2405,1208377068
2406,1103479451
2407,1231731580
2408,1198906355
2409,1198818056
2410,1190400054
2411,1188231479
2412,1179842174
2413,1172906628
2414,1164046655
2415,1159614503
2416,1055702863
2417,1052604836
2418,1052643199
2419,1010002111
2420,1004188081
2421,1002556526
2422,1001142519
2423,1039847871
2424,1069623549
2425,1066683270
2426,960974049.4
2427,957599646.9
2428,911942236.2
2429,909597884.7
2430,913763470
2431,913490468.6
2432,873213873.5
2433,185335650
2434,185335650
2435,185335650
2436,185335650
2437,184868124.2
2438,172272150.5
2439,172272150.5
2440,172154000
2441,172154000
2442,172154000
2443,172154000
2444,172154000
2445,172154000
2446,899686836.1
2447,899564714.6
2448,899969253.2
2449,899792029.4
2450,898390320.1
2451,898360373.9
2452,898075010.1
2453,897432588.2
2454,897389057.7
2455,858231482.3
2456,858172440.6
2457,878892935.6
2458,878453101.3
2459,878347260.6
2460,877549972.3
2461,877538371.5
2462,877505529.5
2463,877302678.6
2464,877048484.4
2465,877029905.9
2466,876974633.6
2467,876856823.4
2468,876843820.6
2469,876611922.1
2470,876475643.6
2471,876447369.1
2472,876442494.9
2473,876437372.9
2474,824010478.4
2475,823900621.9
2476,823889461.4
2477,823828392.4
2478,826177425.5
2479,826177425.5
2480,825768542
2481,825722380.6
2482,835981348.8
2483,835981348.8
2484,784266640.8
2485,784133507.1
2486,719240845.2
2487,719142188.7
2488,718971329.7
2489,718921810.7
2490,718875910.2
2491,718729501.8
2492,718600248.8
2493,655290421.9
2494,655267901.6
2495,655164615.9
2496,655161795.4
2497,631594552.6
2498,631548243.6
2499,631500526.9
2500,631109802.8
2501,631069117.8
2502,631035209.4
2503,630883241.4
2504,630805849.1
2505,630793628.8
2506,630753531.7
2507,630625619.7
2508,630548529.2
2509,630435854.7
2510,629544949.9
2511,629529433
2512,629524602.5
2513,629522757.5
2514,629492653.4
2515,629482448.4
2516,629406035.9
2517,629399346.9
2518,629029284.8
2519,629017724.8
2520,628897108.4
2521,628669576.1
2522,628260148.3
2523,628253263.8
2524,628249230.8
2525,628243048.3
2526,628228419.3
2527,628178900.5
2528,628124948.3
2529,628108987.8
2530,628068082.8
2531,628061610.8
2532,628058669.8
2533,628051856.8
2534,778072854
2535,778066521.5
2536,777963663
2537,777962791
2538,777821634.5
2539,777790877.5
2540,777731863
2541,777585647
2542,777585226
2543,777331356
2544,777302517.5
2545,777280125
2546,777170444.8
2547,777153715.8
2548,777147263.3
2549,777022500.8
2550,776873590.7
2551,617194325.9
2552,655712674
2553,785319331.9
2554,617143531.3
2555,754524447.6
2556,592433043.3
2557,760712647.7
2558,735750422.8
2559,577566570.9
2560,567749034.7
2561,481319006.3
2562,547861571.4
2563,450109130.1
2564,520907680.5
2565,518234596.6
2566,513616702.4
2567,508016005.2
2568,512730444.2
2569,510399960.9
2570,503831497.9
2571,495654626.7
2572,496904452.2
2573,494037916.6
2574,496520618.8
2575,400895704.5
2576,400042185.8
2577,399905373.6
2578,395739496.8
2579,400418603.9
2580,394516162.9
2581,394319072.8
2582,392872804
2583,390411603
2584,378188889.6
2585,377649207.2
2586,384604111.3
2587,384457860.9
2588,384024041.6
2589,374924278.9
2590,374493000.4
2591,374563151.6
2592,373768856.3
2593,372953704.5
2594,372848907.5
2595,372314972.9
2596,370709473.6
2597,370606329.1
2598,369547816.9
2599,378225168.2
2600,369002749.8
2601,368978477.8
2602,368675407.1
2603,368617668.3
2604,368563080.2
2605,368404798.8
2606,367984628.9
2607,324571232.6
2608,324427953.8
2609,324391774.4
2610,324055442.8
2611,324002317.8
2612,328973809.9
2613,328963764.4
2614,328932119.4
2615,328899913.2
2616,328476685.2
2617,328177922.5
2618,328119240.5
2619,328112032
2620,323063628.9
2621,322795832.1
2622,322156558.4
2623,321845316.5
2624,326923539.4
2625,326917038.9
2626,326842379.9
2627,326831791.4
2628,319861038.8
2629,318869938.7
2630,318684962.2
2631,318610104.7
2632,318556590.2
2633,318520246.7
2634,318448113.9
2635,318424062.4
2636,318166265.1
2637,317751999
2638,317746586
2639,317213575.7
2640,317168406.7
2641,316917179.9
2642,316912797.9
2643,316909009.4
2644,316900260.4
2645,316874930.4
2646,316872215.9
2647,316716081.2
2648,316691377.2
2649,316625499.5
2650,316612843
2651,316590218
2652,316581035.6
2653,316575042.6
2654,316545180.1
2655,316532130.1
2656,316429022.1
2657,316336941.1
2658,316335854.6
2659,316315546.6
2660,315885955.7
2661,315781014.4
2662,315739289.4
2663,315639133.1
2664,315578474.8
2665,315428184.3
2666,315154661.6
2667,315098826.3
2668,314890600.4
2669,314890137.9
2670,314597750.4
2671,314523822.4
2672,314522236.4
2673,314546711.3
2674,314504371.3
2675,314476440.8
2676,314120839.3
2677,314006932.8
2678,313981983.8
2679,310627901.1
2680,310619108.6
2681,310616637.8
2682,310607925.3
2683,312463187.2
2684,312460724.7
2685,312400799.7
2686,312332107.7
2687,312273830.7
2688,312266530.7
2689,312227609.7
2690,312201173.2
2691,298775388.3
2692,298680575.8
2693,298672925.8
2694,298638059.8
2695,298626623.3
2696,298626168.8
2697,276456279.7
2698,276453387.2
2699,276447737.2
2700,276440014.7
2701,263173201.9
2702,242644573.1
2703,222213319.4
2704,218374642.5
2705,238767560.5
2706,209482747.3
2707,204155919.7
2708,213586735.8
2709,212895022.1
2710,213548032.5
2711,205041784.2
2712,203846119.6
2713,203696140.7
2714,196602681.3
2715,193229461.8
2716,185545866.8
2717,183093614.5
2718,182273733.9
2719,180572652
2720,180257258.4
2721,138089375.5
2722,135687237.7
2723,134949333.4
2724,134793643.4
2725,134189388.4
2726,133122010.7
2727,132506863.9
2728,131600512.3
2729,131502069.4
2730,130746812
2731,130032289.5
2732,129817161.5
2733,129172692.3
2734,168415666.8
2735,165230578.3
2736,165230395.8
2737,165086544.1
2738,165072751.4
2739,164845498.6
2740,164843568.6
2741,164633235.2
2742,166017193.9
2743,165303815.7
2744,164154327.4
2745,164126016.8
2746,163885492.6
2747,163615095.5
2748,161551799.5
2749,161539421
2750,156103133.1
2751,156020663.9
2752,160213441.7
2753,160018997.8
2754,159942340.7
2755,159896992.5
2756,159813158.4
2757,159374310.9
2758,153686991.9
2759,153564291.6
2760,153501911.2
2761,153246280.3
2762,153325627.1
2763,152752862.8
2764,152478785.9
2765,152160281.7
2766,152134763
2767,151958952.1
2768,151941492.1
2769,151922909.6
2770,151700936.3
2771,151536976.3
2772,143442766
2773,143396376.8
2774,143275787.1
2775,143272870.1
2776,142789282.2
2777,142768852
2778,142695114.3
2779,142648152.1
2780,142620674.9
2781,142368156.8
2782,142496505.2
2783,142425284.8
2784,142343020.3
2785,142331755.8
2786,142129879.3
2787,142129413.3
2788,142025484.8
2789,141995355.1
2790,141916910.1
2791,141893785.1
2792,141871132.6
2793,141847610.1
2794,141754120.3
2795,141706081.8
2796,141662094.4
2797,141646141.9
2798,141641279.4
2799,141639852.9
2800,141637996.9
2801,141566704.8
2802,141560422.8
2803,141547358.3
2804,141541843.8
2805,141531446.8
2806,141410880.6
2807,141206447.9
2808,141177685.9
2809,141174653.4
2810,141174653.4
2811,140932216.4
2812,140927413.9
2813,140833428.7
2814,140797388.7
2815,140785796.2
2816,140448744.9
2817,140402974.5
2818,140379149.5
2819,140353201.2
2820,140342583.5
2821,140224790
2822,140223221.5
2823,140212703
2824,140207840.5
2825,140184500
2826,58521441.69
2827,58521441.69
2828,58521441.69
2829,58521441.69
2830,58521441.69
2831,58521441.69
2832,58521441.69
2833,58521441.69
2834,58521441.69
2835,58521441.69
2836,58521441.69
2837,60931723.67
2838,60931723.67
2839,60931723.67
2840,60931723.67
2841,60931723.67
2842,60931723.67
2843,60931723.67
2844,60931723.67
2845,60931723.67
2846,60931723.67
2847,60931723.67
2848,60931723.67
2849,60931723.67
2850,60931723.67
2851,145137455.1
2852,139939164
2853,109923635.3
2854,96650312.53
2855,92085861.85
2856,104107699.2
2857,96024942.54
2858,91220238.6
2859,81140514.14
2860,84240663.01
2861,81930915.28
2862,64500833.99
2863,67203668.87
2864,62463443.66
2865,59705548.55
2866,56425229.23
2867,53470171.07
2868,45387617.7
2869,47786704.3
2870,42840016.07
2871,43676064.41
2872,38590182.8
2873,32147520.85
2874,31414088.8
2875,31396672.17
2876,30756233.55
2877,28976698.31
2878,28176608.85
2879,27001669.59
2880,26230639.69
2881,23896671.73
2882,20635751.44
2883,19321417.49
2884,19252878.18
2885,18620939.38
2886,18319087.79
2887,18145252.9
2888,17654060.43
2889,17236008.21
2890,17067173.71
2891,16120857.9
2892,15799350.02
2893,15728089.94
2894,15110325.89
2895,14625917.3
2896,14727746.31
2897,13832483.81
2898,13176331.99
2899,12912548.9
2900,11417644.72
2901,11228578.68
2902,11048611.15
2903,10938383.48
2904,10386112.49
2905,10199959.31
2906,9716201.811
2907,9708693.811
2908,9695325.478
2909,9619794.642
2910,9440758.142
2911,9514571.968
2912,9612899.39
2913,9583267.058
2914,8659351.759
2915,8561093.759
2916,7973320.501
2917,7426144.305
2918,6990055.684
2919,6901059.351
2920,6367505.187
2921,6510465.695
2922,6482781.195
2923,6405912.861
2924,6367630.361
2925,6381773.939
2926,6313691.521
2927,5926515.181
2928,5923350.681
2929,5899369.014
2930,5851989.931
2931,5670963.27
2932,5570002.609
2933,5421671.939
2934,5386115.607
2935,5084050.607
2936,4965260.107
2937,4788316.107
2938,4656938.774
2939,4523161.275
2940,4509903.108
2941,4493638.941
2942,4404072.107
2943,4402967.107
2944,4296416.271
2945,4156378.774
2946,4095088.274
2947,4066213.109
2948,3925760.693
2949,3741715.861
2950,3607665.359
2951,3582231.359
2952,3540723.359
2953,3505942.359
2954,3501528.193
2955,3357878.193
2956,3202795.693
2957,3116411.193
2958,3082260.693
2959,2269279.685
2960,2231403.685
2961,2077873.685
2962,2060970.185
2963,2052758.185
2964,2017073.185
2965,2013946.685
2966,1684664.185
2967,1672203.185
2968,1616249.185
2969,1606600.185
2970,1584695.185
2971,1580770.185
2972,1542045.685
2973,1541897.685
2974,1556489.685
2975,1489169.185
2976,1482903.185
2977,1347917.251
2978,1390289.251
2979,1208271.165
2980,1200230.665
2981,1083180.665
2982,1062108.165
2983,1001107.165
2984,723874.665
2985,636021.665
2986,493855.0009
2987,437483.0009
2988,434039.6675
2989,320894.1675
2990,319326.1675
2991,261949.1675
2992,161232.6675
2993,147477.5
2994,109515
2995,69446
2996,47541
2997,29238.5
2998,12368.5
2999,986
